facebook_id,content
100006366398421,"2014_test-Section2 -RE: Rfsdf posted by Tarun"
100000762337754,"2014_test-Section2 -RE: Rfsdf posted by Tarun"
100006366398421,"2014_test-Section2 -RE: Rfsdf posted by Tarun"
100000762337754,"2014_test-Section2 -RE: Rfsdf posted by Tarun"
100006366398421,"2014_test-Section3  Dfgd posted by Martin"
100000762337754,"2014_test-Section3  Dfgd posted by Martin"
100006366398421,"2014_test-Section3  Dfgd posted by Martin"
100006366398421,"2014_test-Section3  Fdgdgf posted by Martin"
100000762337754,"2014_test-Section3  Fdgdgf posted by Martin"
100006366398421,"2014_test-Section3  Fdgdgf posted by Martin"
100006366398421,"2014_test-Section1 -RE: Sdafsd posted by Martin"
100000762337754,"2014_test-Section1 -RE: Sdafsd posted by Martin"
100006366398421,"2014_test-Section1 -RE: Sdafsd posted by Martin"
100006366398421,"2014_test-Section1 -RE: Sdafsd posted by Martin"
100000762337754,"2014_test-Section1 -RE: Sdafsd posted by Martin"
100006366398421,"2014_test-Section1 -RE: Sdafsd posted by Martin"
100006366398421,"2014_test-Section1  Edfwdf posted by Tarun"
100000762337754,"2014_test-Section1  Edfwdf posted by Tarun"
100006366398421,"2014_test-Section2 -RE: Rfsdf posted by Tarun"
100000762337754,"2014_test-Section2 -RE: Rfsdf posted by Tarun"
100006366398421,"2014_test-Section2 -RE: Rfsdf posted by Tarun"
100000762337754,"2014_test-Section2 -RE: Rfsdf posted by Tarun"
100006366398421,"2014_test-Section1  Dfvgdg posted by Tarun"
100000762337754,"2014_test-Section1  Dfvgdg posted by Tarun"
100006366398421,"2014_test-Section1 -RE: Edfwdf posted by Tarun"
100000762337754,"2014_test-Section1 -RE: Edfwdf posted by Tarun"
100006366398421,"2014_test-Section1 -RE: Edfwdf posted by Tarun"
100000762337754,"2014_test-Section1 -RE: Edfwdf posted by Tarun"
100006366398421,"2014_test-Section1  Czxc posted by Tarun"
100000762337754,"2014_test-Section1  Czxc posted by Tarun"
100006366398421,"2014_test-Section1 -RE: Edfwdf posted by Tarun"
100000762337754,"2014_test-Section1 -RE: Edfwdf posted by Tarun"
100006366398421,"2014_test-Section1 -RE: Dfvgdg posted by Tarun"
100000762337754,"2014_test-Section1 -RE: Dfvgdg posted by Tarun"
100006366398421,"2014_test-Section3  Gfgf posted by Ponting"
100000762337754,"2014_test-Section3  Gfgf posted by Ponting"
100006366398421,"2014_test-Section3  Gfgf posted by Ponting"
100006366398421,"2014_test-Section3 -RE: Gfgf posted by Ponting"
100000762337754,"2014_test-Section3 -RE: Gfgf posted by Ponting"
100006366398421,"2014_test-Section3 -RE: Gfgf posted by Ponting"
