twitter_id,content
115992765,"2014_test-Section2 -RE: Rfsdf posted by Tarun"
539826743,"2014_test-Section2 -RE: Rfsdf posted by Tarun"
115992765,"2014_test-Section3Dfgd posted by Martin"
539826743,"2014_test-Section3Dfgd posted by Martin"
1175048832,"2014_test-Section3Dfgd posted by Martin"
115992765,"2014_test-Section3Fdgdgf posted by Martin"
539826743,"2014_test-Section3Fdgdgf posted by Martin"
1175048832,"2014_test-Section3Fdgdgf posted by Martin"
115992765,"2014_test-Section1 -RE: Sdafsd posted by Martin"
539826743,"2014_test-Section1 -RE: Sdafsd posted by Martin"
1175048832,"2014_test-Section1 -RE: Sdafsd posted by Martin"
115992765,"2014_test-Section1Edfwdf posted by Tarun"
539826743,"2014_test-Section1Edfwdf posted by Tarun"
115992765,"2014_test-Section2 -RE: Rfsdf posted by Tarun"
539826743,"2014_test-Section2 -RE: Rfsdf posted by Tarun"
115992765,"2014_test-Section1Dfvgdg posted by Tarun"
539826743,"2014_test-Section1Dfvgdg posted by Tarun"
115992765,"2014_test-Section1 -RE: Edfwdf posted by Tarun"
539826743,"2014_test-Section1 -RE: Edfwdf posted by Tarun"
115992765,"2014_test-Section1Czxc posted by Tarun"
539826743,"2014_test-Section1Czxc posted by Tarun"
115992765,"2014_test-Section1 -RE: Edfwdf posted by Tarun"
539826743,"2014_test-Section1 -RE: Edfwdf posted by Tarun"
115992765,"2014_test-Section1 -RE: Dfvgdg posted by Tarun"
539826743,"2014_test-Section1 -RE: Dfvgdg posted by Tarun"
115992765,"2014_test-Section3Gfgf posted by Ponting"
539826743,"2014_test-Section3Gfgf posted by Ponting"
1175048832,"2014_test-Section3Gfgf posted by Ponting"
115992765,"2014_test-Section3 -RE: Gfgf posted by Ponting"
539826743,"2014_test-Section3 -RE: Gfgf posted by Ponting"
1175048832,"2014_test-Section3 -RE: Gfgf posted by Ponting"
115992765,"2014_test-Section2 -RE: Yogi posted by Tarun"
115992765,"2014_test-Section2 -RE: Yogi posted by Tarun"
115992765,"2014_test-Section2 -RE: Rfsdf posted by Tarun"
539826743,"2014_test-Section2 -RE: Rfsdf posted by Tarun"
115992765,"2014_test-Section1 -RE: Sdafsd posted by Martin"
539826743,"2014_test-Section1 -RE: Sdafsd posted by Martin"
1175048832,"2014_test-Section1 -RE: Sdafsd posted by Martin"
115992765,"2014_test-Section2 -RE: Rfsdf posted by Tarun"
539826743,"2014_test-Section2 -RE: Rfsdf posted by Tarun"
115992765,"2014_test-Section1 -RE: Edfwdf posted by Tarun"
539826743,"2014_test-Section1 -RE: Edfwdf posted by Tarun"
